<?xml version="1.0" encoding="UTF-8"?>
<project-private xmlns="http://www.netbeans.org/ns/project-private/1">
    <editor-bookmarks xmlns="http://www.netbeans.org/ns/editor-bookmarks/2" lastBookmarkId="0"/>
    <open-files xmlns="http://www.netbeans.org/ns/projectui-open-files/2">
        <group>
            <file>file:/C:/Users/Malak/OneDrive/Documents/NetBeansProjects/Project/src/User.java</file>
            <file>file:/C:/Users/Malak/OneDrive/Documents/NetBeansProjects/Project/src/project/Project.java</file>
            <file>file:/C:/Users/Malak/OneDrive/Documents/NetBeansProjects/Project/src/BookingSystem.java</file>
            <file>file:/C:/Users/Malak/OneDrive/Documents/NetBeansProjects/Project/src/AccessDeniedException2.java</file>
            <file>file:/C:/Users/Malak/OneDrive/Documents/NetBeansProjects/Project/src/FacilityLimitExceededException.java</file>
            <file>file:/C:/Users/Malak/OneDrive/Documents/NetBeansProjects/Project/src/TimeSlotUnavailableException.java</file>
            <file>file:/C:/Users/Malak/OneDrive/Documents/NetBeansProjects/Project/src/Staff.java</file>
            <file>file:/C:/Users/Malak/OneDrive/Documents/NetBeansProjects/Project/src/IFacilitySearch.java</file>
            <file>file:/C:/Users/Malak/OneDrive/Documents/NetBeansProjects/Project/src/Facility.java</file>
            <file>file:/C:/Users/Malak/OneDrive/Documents/NetBeansProjects/Project/src/Student.java</file>
            <file>file:/C:/Users/Malak/OneDrive/Documents/NetBeansProjects/Project/src/FacilitySearchEngine.java</file>
        </group>
    </open-files>
</project-private>
