<?xml version="1.0" encoding="UTF-8"?>
<project-private xmlns="http://www.netbeans.org/ns/project-private/1">
    <editor-bookmarks xmlns="http://www.netbeans.org/ns/editor-bookmarks/2" lastBookmarkId="0"/>
    <open-files xmlns="http://www.netbeans.org/ns/projectui-open-files/2">
        <group>
            <file>file:/C:/Users/Malak/OneDrive/Documents/NetBeansProjects/FeedTheMonsterGame/src/feedthemonstergame/GreenHungryMonster.png</file>
            <file>file:/C:/Users/Malak/OneDrive/Documents/NetBeansProjects/FeedTheMonsterGame/src/feedthemonstergame/YellowHungryMonster2.png</file>
            <file>file:/C:/Users/Malak/OneDrive/Documents/NetBeansProjects/FeedTheMonsterGame/src/feedthemonstergame/Monster.java</file>
            <file>file:/C:/Users/Malak/OneDrive/Documents/NetBeansProjects/FeedTheMonsterGame/src/feedthemonstergame/OrangeHungryMonster.png</file>
            <file>file:/C:/Users/Malak/OneDrive/Documents/NetBeansProjects/FeedTheMonsterGame/src/feedthemonstergame/BlueHungryMonster.png</file>
            <file>file:/C:/Users/Malak/OneDrive/Documents/NetBeansProjects/FeedTheMonsterGame/src/feedthemonstergame/FeedTheMonsterGame.java</file>
        </group>
    </open-files>
</project-private>
